,Unnamed: 0,Unique code,sorted amino acids,Length,Molecular Weight
1290,1290,TsM_000544100,"MDNFLGTWKMTSSEGFDRVMARLGVDFLTRKAGNAAKPVIKLSEVEDGGDSKTYCLKTISGFRSSEVRFRLQEPFLETTLDGRKVKTVISLEKDEANGRWILRQCQVGDKVTDIDRCLDDIDLMRSTIRVDELVSVRMYRRQKS
",145,15950
2329,2329,TsM_000425500,"MEAFLGPWKVESNDDFHKFMNHFGVPTVIAKMILQFGSKITFTQKDADTYCSSISSVKGKTEATFRLGEEFEEESPGGTNMKASSKITIEDGVMKHVQVGDSETIITTRTINGDIMTVVYTVGDLTCSRTYKRVK
",136,14960
2665,2665,TsM_000713700,"MDEFLGSWKLESNEGLNELLLRLGTGYIGRKTLNATKPVLTFTRENAPGNSAVGEWYSLKTSSALKSSTCVFRIGYTFDETTADGRTVRTVFIVDGQTLKQEQAGTKTTYITYTREGDMLKTTIG
",126,13860
2080,2080,TsM_000802800,"MEPFIGTWKMEKSEGFDKIMERLGVDYFTRKMGNLMKPNLIISDLGDGRYNMRSESKFKTSEISFRLGEQFKEVTPDSREVMSMLTVEDGVLKQEQVGKDKTTYIDRVVEGNELKATVKADELVCVRTYSRGM
",134,14740
421,421,TsM_001185100,"MEPFIGTWRMEKSEGFDKIMERLGVDFVTRKMGNLMKPSLIVSDLGDGKYSMRSESKFKTTEFTFKLGEKFKETTPDSREVTSLITVENGVMKQEQVGKGKTTYIDRVIEGNELKTTVKVDELVCVRTYVKAA
",134,14740
